case_id,rules,bet_type,system_sizes,stake,stake_is_per_line,leg_odds,leg_results,settled,expected_error,lines,stake_per_line,total_stake,stake_tax,net_stake,total_odds,gross_payout,acca_bonus,win_tax,stake_tax_refund,net_payout,capped,warnings
WORKED_EXAMPLE_C07,default_2026_10,multiple,,100.00,false,1.50;1.50;1.50;1.50;1.50,open;open;open;open;open,false,,1,100.00,100.00,15.00,85.00,7.59,645.46,44.83,0.00,0.00,690.29,false,
SINGLE_BASIC,default_2026_10,single,,50.00,false,1.95,open,false,,1,50.00,50.00,7.50,42.50,1.95,82.87,0.00,0.00,0.00,82.87,false,
SINGLE_THREE_LINES,default_2026_10,single,,30.00,false,1.50;2.00;3.25,open;open;open,false,,3,10.00,30.00,4.50,25.50,,57.37,0.00,0.00,0.00,57.37,false,
SINGLE_REMAINDER,default_2026_10,single,,100.00,false,1.50;2.00;3.25,open;open;open,false,,3,33.33,99.99,14.97,85.02,,191.29,0.00,0.00,0.00,191.29,false,STAKE_REMAINDER_NOT_CHARGED
SINGLE_PER_LINE,default_2026_10,single,,20.00,true,1.50;2.00;3.25,open;open;open,false,,3,20.00,60.00,9.00,51.00,,114.75,0.00,0.00,0.00,114.75,false,
SINGLE_3DP_ODDS,default_2026_10,single,,77.77,false,1.833,open,false,,1,77.77,77.77,11.66,66.11,1.83,121.17,0.00,0.00,0.00,121.17,false,
STAKE_BELOW_MIN,default_2026_10,single,,4.99,false,2.00,open,false,BET_STAKE_TOO_LOW,,,,,,,,,,,,,
STAKE_AT_MIN,default_2026_10,single,,5.00,false,2.00,open,false,,1,5.00,5.00,0.75,4.25,2.00,8.50,0.00,0.00,0.00,8.50,false,
STAKE_AT_MAX,default_2026_10,single,,50000.00,false,2.00,open,false,,1,50000.00,50000.00,7500.00,42500.00,2.00,85000.00,0.00,12750.00,0.00,72250.00,false,
STAKE_ABOVE_MAX,default_2026_10,single,,50000.01,false,2.00,open,false,BET_STAKE_TOO_HIGH,,,,,,,,,,,,,
PER_LINE_TOTAL_ABOVE_MAX,default_2026_10,single,,30000.00,true,2.00;2.00,open;open,false,BET_STAKE_TOO_HIGH,,,,,,,,,,,,,
WIN_TAX_GROSS_EXACTLY_1000,default_2026_10,single,,588.23,false,2.00,open,false,,1,588.23,588.23,88.23,500.00,2.00,1000.00,0.00,0.00,0.00,1000.00,false,
WIN_TAX_GROSS_1000_02,default_2026_10,single,,588.24,false,2.00,open,false,,1,588.24,588.24,88.23,500.01,2.00,1000.02,0.00,150.00,0.00,850.02,false,
WIN_TAX_GROSS_1000_04,default_2026_10,single,,588.25,false,2.00,open,false,,1,588.25,588.25,88.23,500.02,2.00,1000.04,0.00,150.00,0.00,850.04,false,
WIN_TAX_BIG,default_2026_10,multiple,,200.00,false,1.50;1.50;1.50;1.50;1.50,open;open;open;open;open,false,,1,200.00,200.00,30.00,170.00,7.59,1290.93,89.67,207.09,0.00,1173.51,false,
ACCA_2_LEGS_NO_BONUS,default_2026_10,multiple,,100.00,false,1.50;1.50,open;open,false,,1,100.00,100.00,15.00,85.00,2.25,191.25,0.00,0.00,0.00,191.25,false,
ACCA_3_LEGS_3PCT,default_2026_10,multiple,,100.00,false,1.50;1.50;1.50,open;open;open,false,,1,100.00,100.00,15.00,85.00,3.37,286.87,6.05,0.00,0.00,292.92,false,
ACCA_LOW_ODDS_LEG_NOT_QUALIFYING,default_2026_10,multiple,,100.00,false,1.50;1.50;1.29,open;open;open,false,,1,100.00,100.00,15.00,85.00,2.90,246.71,0.00,0.00,0.00,246.71,false,
ACCA_LEG_AT_MIN_ODDS_QUALIFIES,default_2026_10,multiple,,100.00,false,1.50;1.50;1.30,open;open;open,false,,1,100.00,100.00,15.00,85.00,2.92,248.62,4.90,0.00,0.00,253.52,false,
ACCA_25_LEGS_TOP_TIER,default_2026_10,multiple,,10.00,false,1.35;1.35;1.35;1.35;1.35;1.35;1.35;1.35;1.35;1.35;1.35;1.35;1.35;1.35;1.35;1.35;1.35;1.35;1.35;1.35;1.35;1.35;1.35;1.35;1.35,open;open;open;open;open;open;open;open;open;open;open;open;open;open;open;open;open;open;open;open;open;open;open;open;open,false,,1,10.00,10.00,1.50,8.50,1812.77,15408.59,15400.09,4621.30,0.00,26187.38,false,
ACCA_30_LEGS,default_2026_10,multiple,,5.00,false,1.30;1.30;1.30;1.30;1.30;1.30;1.30;1.30;1.30;1.30;1.30;1.30;1.30;1.30;1.30;1.30;1.30;1.30;1.30;1.30;1.30;1.30;1.30;1.30;1.30;1.30;1.30;1.30;1.30;1.30,open;open;open;open;open;open;open;open;open;open;open;open;open;open;open;open;open;open;open;open;open;open;open;open;open;open;open;open;open;open,false,,1,5.00,5.00,0.75,4.25,2619.99,11134.98,11130.73,3339.85,0.00,18925.86,false,
ACCA_31_LEGS,default_2026_10,multiple,,5.00,false,1.30;1.30;1.30;1.30;1.30;1.30;1.30;1.30;1.30;1.30;1.30;1.30;1.30;1.30;1.30;1.30;1.30;1.30;1.30;1.30;1.30;1.30;1.30;1.30;1.30;1.30;1.30;1.30;1.30;1.30;1.30,open;open;open;open;open;open;open;open;open;open;open;open;open;open;open;open;open;open;open;open;open;open;open;open;open;open;open;open;open;open;open,false,BET_TOO_MANY_LEGS,,,,,,,,,,,,,
ACCA_BONUS_CAPPED,small_caps,multiple,,100.00,false,1.80;1.80;1.80;1.80,open;open;open;open,false,,1,100.00,100.00,15.00,85.00,10.49,892.29,50.00,0.00,0.00,942.29,false,ACCA_BONUS_CAPPED
ACCA_ONE_VOID_SETTLED,default_2026_10,multiple,,100.00,false,1.50;2.00;1.80,win;void;win,true,,1,100.00,100.00,15.00,85.00,5.40,229.50,0.00,0.00,0.00,229.50,false,
ACCA_ONE_LOSS_SETTLED,default_2026_10,multiple,,100.00,false,1.50;2.00;1.80,win;lose;win,true,,1,100.00,100.00,15.00,85.00,5.40,0.00,0.00,0.00,0.00,0.00,false,
ACCA_HALF_WIN_NO_BONUS,default_2026_10,multiple,,100.00,false,1.90;1.90;1.90,win;half_win;win,true,,1,100.00,100.00,15.00,85.00,6.85,444.93,0.00,0.00,0.00,444.93,false,
ACCA_HALF_LOSE,default_2026_10,multiple,,100.00,false,1.90;1.90;1.90,win;half_lose;win,true,,1,100.00,100.00,15.00,85.00,6.85,153.42,0.00,0.00,0.00,153.42,false,
ACCA_ALL_VOID,default_2026_10,multiple,,100.00,false,1.90;1.90;1.90,void;void;void,true,,1,100.00,100.00,15.00,85.00,6.85,85.00,0.00,0.00,0.00,85.00,false,
ACCA_ALL_VOID_REFUND_TAX,net_win_tax_refund_void,multiple,,100.00,false,1.90;1.90;1.90,void;void;void,true,,1,100.00,100.00,10.00,90.00,6.85,90.00,0.00,0.00,10.00,100.00,false,
ACCA_VOID_DROPS_BONUS_TIER,default_2026_10,multiple,,100.00,false,1.50;1.50;1.50;1.50;1.50,win;win;win;win;void,true,,1,100.00,100.00,15.00,85.00,7.59,430.31,10.35,0.00,0.00,440.66,false,
ACCA_PREVIEW_WITH_SETTLED_LEG,default_2026_10,multiple,,100.00,false,1.50;1.50;1.50,win;open;open,false,,1,100.00,100.00,15.00,85.00,3.37,286.87,6.05,0.00,0.00,292.92,false,
SETTLED_WITH_OPEN_LEG_ERROR,default_2026_10,multiple,,100.00,false,1.50;1.50,win;open,true,VALIDATION_FAILED,,,,,,,,,,,,,
SINGLE_HALF_WIN,default_2026_10,single,,100.00,false,1.90,half_win,true,,1,100.00,100.00,15.00,85.00,1.90,123.25,0.00,0.00,0.00,123.25,false,
SINGLE_VOID,default_2026_10,single,,100.00,false,1.90,void,true,,1,100.00,100.00,15.00,85.00,1.90,85.00,0.00,0.00,0.00,85.00,false,
SYSTEM_TRIXIE,default_2026_10,system,2;3,100.00,false,1.50;2.00;2.50,open;open;open,false,,4,25.00,100.00,15.00,85.00,,409.05,0.00,0.00,0.00,409.05,false,
SYSTEM_TRIXIE_ONE_LOSS,default_2026_10,system,2;3,100.00,false,1.50;2.00;2.50,win;lose;win,true,,4,25.00,100.00,15.00,85.00,,79.68,0.00,0.00,0.00,79.68,false,
SYSTEM_PATENT,default_2026_10,system,1;2;3,100.00,false,1.50;2.00;2.50,open;open;open,false,,7,14.28,99.96,14.98,84.98,,306.53,0.00,0.00,0.00,306.53,false,STAKE_REMAINDER_NOT_CHARGED
SYSTEM_PATENT_ONE_LOSS,default_2026_10,system,1;2;3,100.00,false,1.50;2.00;2.50,win;lose;win,true,,7,14.28,99.96,14.98,84.98,,94.08,0.00,0.00,0.00,94.08,false,STAKE_REMAINDER_NOT_CHARGED
SYSTEM_YANKEE,default_2026_10,system,2;3;4,100.00,false,1.50;2.00;2.50;1.80,open;open;open;open,false,,11,9.09,99.99,14.96,85.03,,500.09,0.00,0.00,0.00,500.09,false,STAKE_REMAINDER_NOT_CHARGED
SYSTEM_YANKEE_ONE_LOSS,default_2026_10,system,2;3;4,100.00,false,1.50;2.00;2.50;1.80,win;lose;win;win,true,,11,9.09,99.99,14.96,85.03,,136.80,0.00,0.00,0.00,136.80,false,STAKE_REMAINDER_NOT_CHARGED
SYSTEM_LUCKY15,default_2026_10,system,1;2;3;4,100.00,false,1.50;2.00;2.50;1.80,open;open;open;open,false,,15,6.66,99.90,14.85,85.05,,411.02,0.00,0.00,0.00,411.02,false,STAKE_REMAINDER_NOT_CHARGED
SYSTEM_LUCKY15_ONE_LOSS,default_2026_10,system,1;2;3;4,100.00,false,1.50;2.00;2.50;1.80,win;lose;win;win,true,,15,6.66,99.90,14.85,85.05,,133.21,0.00,0.00,0.00,133.21,false,STAKE_REMAINDER_NOT_CHARGED
SYSTEM_CANADIAN,default_2026_10,system,2;3;4;5,100.00,false,1.50;2.00;2.50;1.80;3.00,open;open;open;open;open,false,,26,3.84,99.84,14.82,85.02,,922.69,0.00,0.00,0.00,922.69,false,STAKE_REMAINDER_NOT_CHARGED
SYSTEM_CANADIAN_ONE_LOSS,default_2026_10,system,2;3;4;5,100.00,false,1.50;2.00;2.50;1.80;3.00,win;lose;win;win;win,true,,26,3.84,99.84,14.82,85.02,,288.35,0.00,0.00,0.00,288.35,false,STAKE_REMAINDER_NOT_CHARGED
SYSTEM_HEINZ,default_2026_10,system,2;3;4;5;6,100.00,false,1.50;2.00;2.50;1.80;3.00;1.70,open;open;open;open;open;open,false,,57,1.75,99.75,14.82,84.93,,1162.34,0.00,174.35,0.00,987.99,false,STAKE_REMAINDER_NOT_CHARGED
SYSTEM_HEINZ_ONE_LOSS,default_2026_10,system,2;3;4;5;6,100.00,false,1.50;2.00;2.50;1.80;3.00;1.70,win;lose;win;win;win;win,true,,57,1.75,99.75,14.82,84.93,,376.95,0.00,0.00,0.00,376.95,false,STAKE_REMAINDER_NOT_CHARGED
SYSTEM_SYS_2_3,default_2026_10,system,2,100.00,false,1.50;2.00;2.50,open;open;open,false,,3,33.33,99.99,14.97,85.02,,332.99,0.00,0.00,0.00,332.99,false,STAKE_REMAINDER_NOT_CHARGED
SYSTEM_SYS_2_3_ONE_LOSS,default_2026_10,system,2,100.00,false,1.50;2.00;2.50,win;lose;win,true,,3,33.33,99.99,14.97,85.02,,106.27,0.00,0.00,0.00,106.27,false,STAKE_REMAINDER_NOT_CHARGED
SYSTEM_SYS_3_5,default_2026_10,system,3,100.00,false,1.50;2.00;2.50;1.80;3.00,open;open;open;open;open,false,,10,10.00,100.00,15.00,85.00,,818.54,0.00,0.00,0.00,818.54,false,
SYSTEM_SYS_3_5_ONE_LOSS,default_2026_10,system,3,100.00,false,1.50;2.00;2.50;1.80;3.00,win;lose;win;win;win,true,,10,10.00,100.00,15.00,85.00,,336.59,0.00,0.00,0.00,336.59,false,
SYSTEM_INVALID_SIZE,default_2026_10,system,4,100.00,false,1.50;2.00;2.50,open;open;open,false,VALIDATION_FAILED,,,,,,,,,,,,,
SYSTEM_ONLY_FULL_SIZE_INVALID,default_2026_10,system,3,100.00,false,1.50;2.00;2.50,open;open;open,false,VALIDATION_FAILED,,,,,,,,,,,,,
SYSTEM_UNSORTED_INVALID,default_2026_10,system,3;2,100.00,false,1.50;2.00;2.50,open;open;open,false,VALIDATION_FAILED,,,,,,,,,,,,,
SYSTEM_TOO_MANY_LINES,small_caps,system,5,500.00,false,1.50;1.50;1.50;1.50;1.50;1.50;1.50;1.50;1.50;1.50,open;open;open;open;open;open;open;open;open;open,false,BET_TOO_MANY_LINES,,,,,,,,,,,,,
SYSTEM_STAKE_TOO_SMALL_PER_LINE,default_2026_10,system,5,5.00,false,1.50;1.50;1.50;1.50;1.50;1.50;1.50;1.50;1.50;1.50,open;open;open;open;open;open;open;open;open;open,false,BET_STAKE_TOO_LOW,,,,,,,,,,,,,
CAP_SINGLE,small_caps,single,,100.00,false,50.00,open,false,,1,100.00,100.00,15.00,85.00,50.00,2000.00,0.00,0.00,0.00,2000.00,true,MAX_PAYOUT_REACHED
CAP_BONUS_THEN_GROSS,small_caps,multiple,,700.00,false,1.60;1.60;1.60,open;open;open,false,,1,700.00,700.00,105.00,595.00,4.09,2000.00,0.00,0.00,0.00,2000.00,true,ACCA_BONUS_CAPPED;MAX_PAYOUT_REACHED
CAP_BONUS_ONLY_CUT,small_caps,multiple,,569.00,false,1.60;1.60;1.60,open;open;open,false,,1,569.00,569.00,85.35,483.65,4.09,1981.03,18.97,0.00,0.00,2000.00,true,ACCA_BONUS_CAPPED;MAX_PAYOUT_REACHED
CAP_DEFAULT_HUGE_ODDS,default_2026_10,multiple,,1000.00,false,9.00;9.00;9.00;9.00;9.00;9.00;9.00;9.00,open;open;open;open;open;open;open;open,false,,1,1000.00,1000.00,150.00,850.00,43046721.00,1000000.00,0.00,150000.00,0.00,850000.00,true,ACCA_BONUS_CAPPED;MAX_PAYOUT_REACHED
NET_WIN_TAX_SINGLE,net_win_tax_refund_void,single,,100.00,false,2.50,open,false,,1,100.00,100.00,10.00,90.00,2.50,225.00,0.00,20.25,0.00,204.75,false,
NET_WIN_TAX_LOSS_NO_TAX,net_win_tax_refund_void,single,,100.00,false,2.50,lose,true,,1,100.00,100.00,10.00,90.00,2.50,0.00,0.00,0.00,0.00,0.00,false,
MULTIPLE_ONE_LEG_INVALID,default_2026_10,multiple,,100.00,false,1.50,open,false,VALIDATION_FAILED,,,,,,,,,,,,,
ODDS_BELOW_1_01_INVALID,default_2026_10,single,,100.00,false,1.00,open,false,VALIDATION_FAILED,,,,,,,,,,,,,
ODDS_4DP_INVALID,default_2026_10,single,,100.00,false,1.8333,open,false,VALIDATION_FAILED,,,,,,,,,,,,,
NO_TAX_SINGLE,no_tax,single,,100.00,false,2.00,open,false,,1,100.00,100.00,0.00,100.00,2.00,200.00,0.00,0.00,0.00,200.00,false,
NO_TAX_ACCA,no_tax,multiple,,37.50,false,1.25;1.40;1.65;2.05,open;open;open;open,false,,1,37.50,37.50,0.00,37.50,5.91,221.97,0.00,0.00,0.00,221.97,false,
RND_000,default_2026_10,multiple,,999.00,false,3.913;5.46;4.02;4.81;4.40;5.466;2.93;2.00;2.309;5.03,void;lose;win;win;win;win;win;lose;win;win,true,,1,999.00,999.00,149.85,849.15,676216.02,0.00,0.00,0.00,0.00,0.00,false,
RND_001,default_2026_10,system,3,999.00,false,2.94;3.15;4.18;1.319;1.13;3.220,lose;win;win;win;win;win,true,,20,49.95,999.00,149.80,849.20,,6291.28,0.00,943.69,0.00,5347.59,false,
RND_002,net_win_tax_refund_void,multiple,,100.33,false,1.783;5.125;5.90,win;win;win,true,,1,100.33,100.33,10.03,90.30,53.91,4868.38,238.90,752.54,0.00,4354.74,false,
RND_003,default_2026_10,multiple,,1500.00,false,2.18;3.579;3.27;2.21;3.38,win;win;half_win;win;lose,true,,1,1500.00,1500.00,225.00,1275.00,190.57,0.00,0.00,0.00,0.00,0.00,false,
RND_004,net_win_tax_refund_void,single,,20.99,false,1.851;3.40;5.83,open;open;open,false,,3,6.99,20.97,2.07,18.90,,69.80,0.00,7.63,0.00,62.17,false,STAKE_REMAINDER_NOT_CHARGED
RND_005,no_tax,single,,250.00,false,4.18,void,true,,1,250.00,250.00,0.00,250.00,4.18,250.00,0.00,0.00,0.00,250.00,false,
RND_006,small_caps,multiple,,20.99,false,1.790;5.768;1.58;2.60;2.497;2.05;2.71;5.493;4.76;4.155,open;open;open;open;open;open;open;open;open;open,false,,1,20.99,20.99,3.14,17.85,63920.18,2000.00,0.00,0.00,0.00,2000.00,true,ACCA_BONUS_CAPPED;MAX_PAYOUT_REACHED
RND_007,default_2026_10,multiple,,10.99,false,5.32;2.37;4.905;4.11,win;win;win;win,true,,1,10.99,10.99,1.64,9.35,254.17,2376.57,71.01,367.13,0.00,2080.45,false,
RND_008,small_caps,system,2,250.00,false,5.25;1.84;4.197,half_win;win;lose,true,,3,83.33,249.99,37.47,212.52,,407.33,0.00,0.00,0.00,407.33,false,STAKE_REMAINDER_NOT_CHARGED
RND_009,default_2026_10,single,,10.99,true,5.81;4.42;5.393,open;open;open,false,,3,10.99,32.97,4.92,28.05,,146.06,0.00,0.00,0.00,146.06,false,
RND_010,net_win_tax_refund_void,single,,100.99,false,3.23,open,false,,1,100.99,100.99,10.09,90.90,3.23,293.60,0.00,30.40,0.00,263.20,false,
RND_011,default_2026_10,system,2;3,250.33,false,5.69;4.53;3.51;1.78,open;open;open;open,false,,10,25.03,250.30,37.50,212.80,,6092.26,0.00,913.83,0.00,5178.43,false,STAKE_REMAINDER_NOT_CHARGED
RND_012,default_2026_10,system,2,50.50,false,3.504;5.68;1.63;4.74;2.671,open;open;open;open;open,false,,10,5.05,50.50,7.50,43.00,,548.96,0.00,0.00,0.00,548.96,false,
RND_013,no_tax,single,,100.50,true,3.426;5.82,open;open,false,,2,100.50,201.00,0.00,201.00,,929.22,0.00,0.00,0.00,929.22,false,
RND_014,default_2026_10,single,,999.99,true,3.81;5.95;5.04,win;lose;lose,true,,3,999.99,2999.97,449.97,2550.00,,3238.50,0.00,485.77,0.00,2752.73,false,
RND_015,default_2026_10,single,,100.99,false,2.263;1.85;5.77,open;open;open,false,,3,33.66,100.98,15.12,85.86,,282.83,0.00,0.00,0.00,282.83,false,STAKE_REMAINDER_NOT_CHARGED
RND_016,small_caps,multiple,,20.00,false,1.23;4.07;2.308;2.78;3.18;5.00;5.016,open;open;open;open;open;open;open,false,,1,20.00,20.00,3.00,17.00,2561.73,2000.00,0.00,0.00,0.00,2000.00,true,ACCA_BONUS_CAPPED;MAX_PAYOUT_REACHED
RND_017,small_caps,single,,1500.00,true,1.63;5.311;3.82;2.21,half_lose;win;win;win,true,BET_STAKE_TOO_HIGH,,,,,,,,,,,,,
RND_018,default_2026_10,single,,20.00,false,1.582,win,true,,1,20.00,20.00,3.00,17.00,1.58,26.89,0.00,0.00,0.00,26.89,false,
RND_019,default_2026_10,system,1;2,10.50,false,2.17;3.068;2.64;2.68,lose;win;win;lose,true,,10,1.05,10.50,1.50,9.00,,12.41,0.00,0.00,0.00,12.41,false,
RND_020,net_win_tax_refund_void,system,2,20.33,false,3.93;4.41;4.064,open;open;open,false,,3,6.77,20.31,2.01,18.30,,312.46,0.00,44.12,0.00,268.34,false,STAKE_REMAINDER_NOT_CHARGED
RND_021,default_2026_10,single,,250.50,false,4.98;1.78,open;open,false,,2,125.25,250.50,37.56,212.94,,719.73,0.00,0.00,0.00,719.73,false,
RND_022,default_2026_10,multiple,,5.00,false,2.86;3.28;4.05;1.858;3.81;4.13;4.85;2.89,lose;win;win;win;half_win;lose;win;win,true,,1,5.00,5.00,0.75,4.25,15568.80,0.00,0.00,0.00,0.00,0.00,false,
RND_023,default_2026_10,multiple,,1500.00,false,5.82;5.16;5.50;4.36;4.086;5.50;1.05;4.460;4.43;4.95;5.00,win;win;win;win;win;win;win;win;lose;void;half_lose,true,,1,1500.00,1500.00,225.00,1275.00,8309712.61,0.00,0.00,0.00,0.00,0.00,false,
RND_024,default_2026_10,system,1,5.00,false,4.54;4.405;2.397;4.859;1.595;3.33,win;lose;win;lose;win;win,true,BET_STAKE_TOO_LOW,,,,,,,,,,,,,
RND_025,net_win_tax_refund_void,multiple,,250.50,false,5.678;1.205,win;lose,true,,1,250.50,250.50,25.05,225.45,6.84,0.00,0.00,0.00,0.00,0.00,false,
RND_026,default_2026_10,single,,100.00,true,2.091,open,false,,1,100.00,100.00,15.00,85.00,2.09,177.73,0.00,0.00,0.00,177.73,false,
RND_027,no_tax,single,,250.50,true,2.151;3.621;4.65;5.04,open;open;open;open,false,,4,250.50,1002.00,0.00,1002.00,,3873.22,0.00,0.00,0.00,3873.22,false,
RND_028,default_2026_10,system,1,1500.99,false,2.90;2.491;5.78,win;win;win,true,,3,500.33,1500.99,225.12,1275.87,,4750.90,0.00,712.63,0.00,4038.27,false,
RND_029,default_2026_10,multiple,,250.33,false,5.42;1.829;3.410,win;half_win;win,true,,1,250.33,250.33,37.54,212.79,33.80,5562.98,0.00,834.44,0.00,4728.54,false,
RND_030,no_tax,system,3,50.50,false,1.07;1.45;5.40;3.31;4.93,win;lose;win;win;half_lose,true,,10,5.05,50.50,0.00,50.50,,165.23,0.00,0.00,0.00,165.23,false,
RND_031,no_tax,system,1,10.50,false,5.585;4.50;3.28;1.06;3.02,win;half_win;half_lose;win;lose,true,,5,2.10,10.50,0.00,10.50,,20.76,0.00,0.00,0.00,20.76,false,
RND_032,small_caps,multiple,,1500.00,false,1.59;1.585;5.007;2.482;4.443;5.84;4.843;4.30;2.28;4.58;4.61;2.035,open;open;open;open;open;open;open;open;open;open;open;open,false,BET_TOO_MANY_LEGS,,,,,,,,,,,,,
RND_033,default_2026_10,single,,37.00,false,1.756;4.49;1.16;4.884,win;void;win;half_win,true,,4,9.25,37.00,5.52,31.48,,53.95,0.00,0.00,0.00,53.95,false,
RND_034,small_caps,multiple,,10.00,false,3.66;4.311;2.85;1.68;3.605;2.79;3.491;1.607;3.28;5.929;5.689,open;open;open;open;open;open;open;open;open;open;open,false,BET_TOO_MANY_LEGS,,,,,,,,,,,,,
RND_035,default_2026_10,multiple,,37.99,false,5.02;3.16;2.25;5.636;4.310;2.43;3.681,void;lose;lose;win;win;win;win,true,,1,37.99,37.99,5.69,32.30,7755.21,0.00,0.00,0.00,0.00,0.00,false,
RND_036,default_2026_10,multiple,,5.00,false,4.12;2.82;2.86;4.04;3.163,open;open;open;open;open,false,,1,5.00,5.00,0.75,4.25,424.61,1804.60,144.02,292.29,0.00,1656.33,false,
RND_037,small_caps,multiple,,1500.00,false,1.79;2.12;1.77;1.13;4.90;1.68;1.86;4.05,open;open;open;open;open;open;open;open,false,BET_STAKE_TOO_HIGH,,,,,,,,,,,,,
RND_038,default_2026_10,multiple,,5.50,false,2.027;3.88;1.768;5.41;4.73;1.49;3.43;2.552;2.69,void;lose;win;lose;half_win;win;win;lose;win,true,,1,5.50,5.50,0.82,4.68,12483.58,0.00,0.00,0.00,0.00,0.00,false,
RND_039,net_win_tax_refund_void,multiple,,5.33,false,3.62;5.39;5.15;2.582;1.405;3.10;3.39;5.757;5.21;4.16;1.41,half_win;half_lose;half_win;half_win;half_win;win;lose;lose;void;win;lose,true,,1,5.33,5.33,0.53,4.80,673976.74,0.00,0.00,0.00,0.00,0.00,false,
RND_040,default_2026_10,system,3;4,999.33,false,5.81;3.74;1.937;5.284;1.84;2.15,open;open;open;open;open;open,false,,35,28.55,999.25,149.80,849.45,,57311.46,0.00,8596.71,0.00,48714.75,false,STAKE_REMAINDER_NOT_CHARGED
RND_041,no_tax,multiple,,1500.00,false,1.41;3.682,open;open,false,,1,1500.00,1500.00,0.00,1500.00,5.19,7787.43,0.00,0.00,0.00,7787.43,false,
RND_042,no_tax,multiple,,250.50,false,3.23;5.74;2.669;3.692;4.99;5.45;5.43;3.276;5.93;5.42,open;open;open;open;open;open;open;open;open;open,false,,1,250.50,250.50,0.00,250.50,2840661.14,5000000.00,0.00,0.00,0.00,5000000.00,true,MAX_PAYOUT_REACHED
RND_043,default_2026_10,system,1,250.50,false,5.93;1.36;5.82;2.842,win;lose;void;void,true,,4,62.62,250.48,37.56,212.92,,422.11,0.00,0.00,0.00,422.11,false,STAKE_REMAINDER_NOT_CHARGED
RND_044,default_2026_10,multiple,,50.99,false,5.21;4.66;4.35;2.08;1.729;4.49;1.840;5.14;3.78;3.04,open;open;open;open;open;open;open;open;open;open,false,,1,50.99,50.99,7.64,43.35,185337.75,1000000.00,0.00,150000.00,0.00,850000.00,true,ACCA_BONUS_CAPPED;MAX_PAYOUT_REACHED
RND_045,default_2026_10,multiple,,20.33,false,4.145;1.177;1.56;5.403,open;open;open;open,false,,1,20.33,20.33,3.04,17.29,41.12,710.97,20.81,0.00,0.00,731.78,false,
RND_046,small_caps,multiple,,5.50,false,3.634;3.123;4.22;1.61;5.39;2.08;1.242,lose;lose;lose;win;win;win;win,true,,1,5.50,5.50,0.82,4.68,1073.66,0.00,0.00,0.00,0.00,0.00,false,
RND_047,small_caps,single,,100.50,false,1.80;4.51,win;lose,true,,2,50.25,100.50,15.06,85.44,,76.89,0.00,0.00,0.00,76.89,false,
RND_048,no_tax,multiple,,10.00,false,4.37;2.27;4.733;2.395;2.68;5.17;3.00;5.969;4.87,open;open;open;open;open;open;open;open;open,false,,1,10.00,10.00,0.00,10.00,135870.89,1358708.98,0.00,0.00,0.00,1358708.98,false,
RND_049,net_win_tax_refund_void,single,,50.00,false,5.72,open,false,,1,50.00,50.00,5.00,45.00,5.72,257.40,0.00,31.86,0.00,225.54,false,
RND_050,net_win_tax_refund_void,single,,5.00,false,2.451,open,false,,1,5.00,5.00,0.50,4.50,2.45,11.02,0.00,0.97,0.00,10.05,false,
RND_051,default_2026_10,multiple,,100.00,false,3.63;2.217;4.51;4.71;3.27;2.305;3.29;1.84;5.55;5.87;2.951,open;open;open;open;open;open;open;open;open;open;open,false,,1,100.00,100.00,15.00,85.00,749898.46,1000000.00,0.00,150000.00,0.00,850000.00,true,ACCA_BONUS_CAPPED;MAX_PAYOUT_REACHED
RND_052,default_2026_10,system,3;4,250.99,false,1.94;5.98;1.56;4.58;2.97,open;open;open;open;open,false,,15,16.73,250.95,37.50,213.45,,11247.73,0.00,1687.15,0.00,9560.58,false,STAKE_REMAINDER_NOT_CHARGED
RND_053,default_2026_10,single,,37.50,false,2.00;2.45;3.37;2.41,open;open;open;open,false,,4,9.37,37.48,5.60,31.88,,81.51,0.00,0.00,0.00,81.51,false,STAKE_REMAINDER_NOT_CHARGED
RND_054,default_2026_10,system,3,100.00,false,4.343;5.51;2.16;3.83,open;open;open;open,false,,4,25.00,100.00,15.00,85.00,,4778.09,0.00,716.71,0.00,4061.38,false,
RND_055,net_win_tax_refund_void,single,,1500.00,false,3.67;3.86,open;open,false,,2,750.00,1500.00,150.00,1350.00,,5082.75,0.00,559.91,0.00,4522.84,false,
RND_056,small_caps,system,1,20.99,false,4.23;2.77;5.274;2.37;4.38,win;win;win;win;win,true,,5,4.19,20.95,3.10,17.85,,67.89,0.00,0.00,0.00,67.89,false,STAKE_REMAINDER_NOT_CHARGED
RND_057,default_2026_10,system,2;3,999.99,false,1.660;1.45;4.38;4.770;3.914;2.590,lose;win;win;win;win;win,true,,35,28.57,999.95,149.80,850.15,,11493.11,0.00,1723.96,0.00,9769.15,false,STAKE_REMAINDER_NOT_CHARGED
RND_058,default_2026_10,single,,50.99,false,2.58,open,false,,1,50.99,50.99,7.64,43.35,2.58,111.84,0.00,0.00,0.00,111.84,false,
RND_059,default_2026_10,multiple,,50.99,false,4.72;3.52;2.05;1.45;4.65;1.64,open;open;open;open;open;open,false,,1,50.99,50.99,7.64,43.35,376.61,16326.47,1302.64,2644.36,0.00,14984.75,false,
RND_060,default_2026_10,multiple,,20.50,false,3.04;4.163;4.08;2.647;5.18;1.70;4.70,win;win;lose;lose;win;win;win,true,,1,20.50,20.50,3.07,17.43,5656.79,0.00,0.00,0.00,0.00,0.00,false,
RND_061,no_tax,system,1,20.99,false,5.05;5.76;5.15,half_lose;lose;half_lose,true,,3,6.99,20.97,0.00,20.97,,6.98,0.00,0.00,0.00,6.98,false,STAKE_REMAINDER_NOT_CHARGED
RND_062,small_caps,single,,100.00,false,5.09;1.88;1.104,open;open;open,false,,3,33.33,99.99,14.97,85.02,,228.80,0.00,0.00,0.00,228.80,false,STAKE_REMAINDER_NOT_CHARGED
RND_063,net_win_tax_refund_void,multiple,,1500.99,false,1.642;5.81;3.29,lose;win;half_lose,true,,1,1500.99,1500.99,150.09,1350.90,31.38,0.00,0.00,0.00,0.00,0.00,false,
RND_064,default_2026_10,multiple,,5.50,false,5.57;2.18;5.29;3.667;2.46;1.96;2.28,open;open;open;open;open;open;open,false,,1,5.50,5.50,0.82,4.68,2589.43,12118.53,969.10,1963.14,0.00,11124.49,false,
RND_065,small_caps,single,,250.33,false,3.627;3.73,lose;lose,true,,2,125.16,250.32,37.54,212.78,,0.00,0.00,0.00,0.00,0.00,false,STAKE_REMAINDER_NOT_CHARGED
RND_066,net_win_tax_refund_void,multiple,,20.99,false,4.457;3.01;4.286;5.84;1.88;4.78;4.65;2.41;2.93,open;open;open;open;open;open;open;open;open,false,,1,20.99,20.99,2.09,18.90,99082.62,1000000.00,0.00,149997.16,0.00,850002.84,true,MAX_PAYOUT_REACHED
RND_067,default_2026_10,multiple,,50.00,false,2.52;5.19;1.47;3.11;4.73;5.26;4.10;5.730;2.08;2.82;1.50;3.08,win;win;win;lose;lose;win;lose;win;win;win;lose;win,true,,1,50.00,50.00,7.50,42.50,947077.25,0.00,0.00,0.00,0.00,0.00,false,
RND_068,default_2026_10,system,3;4,999.00,true,1.646;3.02;5.45;1.76;1.867;2.01,open;open;open;open;open;open,false,,35,999.00,34965.00,5244.75,29720.25,,724413.10,0.00,108661.96,0.00,615751.14,false,
RND_069,default_2026_10,multiple,,250.50,false,3.33;4.33;2.094;5.36;2.13;5.21;1.31;2.59;5.18,half_lose;lose;win;win;lose;win;win;lose;win,true,,1,250.50,250.50,37.57,212.93,31563.97,0.00,0.00,0.00,0.00,0.00,false,
RND_070,small_caps,multiple,,37.99,false,4.34;1.99;3.45;4.31,open;open;open;open,false,,1,37.99,37.99,5.69,32.30,128.42,2000.00,0.00,0.00,0.00,2000.00,true,ACCA_BONUS_CAPPED;MAX_PAYOUT_REACHED
RND_071,net_win_tax_refund_void,system,1;2,37.00,false,1.750;1.46;1.80,open;open;open,false,,6,6.16,36.96,3.66,33.30,,74.04,0.00,6.11,0.00,67.93,false,STAKE_REMAINDER_NOT_CHARGED
RND_072,default_2026_10,single,,20.00,false,1.73,void,true,,1,20.00,20.00,3.00,17.00,1.73,17.00,0.00,0.00,0.00,17.00,false,
RND_073,small_caps,system,3,20.50,false,2.474;5.12;5.234;1.75,open;open;open;open,false,,4,5.12,20.48,3.04,17.44,,688.96,0.00,0.00,0.00,688.96,false,STAKE_REMAINDER_NOT_CHARGED
RND_074,default_2026_10,multiple,,1500.00,false,5.18;1.105;4.05;4.53;3.03;5.03;4.640;2.707;2.52;2.56,open;open;open;open;open;open;open;open;open;open,false,,1,1500.00,1500.00,225.00,1275.00,129688.84,1000000.00,0.00,150000.00,0.00,850000.00,true,ACCA_BONUS_CAPPED;MAX_PAYOUT_REACHED
RND_075,default_2026_10,single,,100.99,false,2.35;1.661,open;open,false,,2,50.49,100.98,15.14,85.84,,172.15,0.00,0.00,0.00,172.15,false,STAKE_REMAINDER_NOT_CHARGED
RND_076,default_2026_10,single,,1500.00,false,5.14;4.34,open;open,false,,2,750.00,1500.00,225.00,1275.00,,6043.50,0.00,906.52,0.00,5136.98,false,
RND_077,default_2026_10,multiple,,20.00,false,1.19;4.04;3.28;1.960;4.37,win;win;win;win;void,true,,1,20.00,20.00,3.00,17.00,135.06,525.42,15.25,0.00,0.00,540.67,false,
RND_078,no_tax,single,,50.00,false,4.50;3.908;5.98;1.97,open;open;open;open,false,,4,12.50,50.00,0.00,50.00,,204.47,0.00,0.00,0.00,204.47,false,
RND_079,default_2026_10,single,,20.00,false,1.468;2.871;2.14;4.805,lose;win;win;half_win,true,,4,5.00,20.00,3.00,17.00,,33.62,0.00,0.00,0.00,33.62,false,
RND_080,default_2026_10,multiple,,100.50,false,1.35;3.22,win;win,true,,1,100.50,100.50,15.07,85.43,4.34,371.36,0.00,0.00,0.00,371.36,false,
RND_081,default_2026_10,single,,100.50,true,4.80;5.860,win;win,true,,2,100.50,201.00,30.14,170.86,,910.67,0.00,0.00,0.00,910.67,false,
RND_082,net_win_tax_refund_void,multiple,,5.33,false,3.48;4.05;5.47;4.408;4.92;1.67;3.31,win;win;win;lose;lose;win;lose,true,,1,5.33,5.33,0.53,4.80,9242.14,0.00,0.00,0.00,0.00,0.00,false,
RND_083,default_2026_10,single,,999.50,false,4.94;5.184;2.14;1.18,lose;void;void;win,true,,4,249.87,999.48,149.92,849.56,,675.40,0.00,0.00,0.00,675.40,false,STAKE_REMAINDER_NOT_CHARGED
RND_084,default_2026_10,multiple,,250.33,false,4.80;3.71;5.394;2.87;1.305;2.958;5.15;4.06;1.17,lose;win;win;win;win;win;win;win;win,true,,1,250.33,250.33,37.54,212.79,26033.69,0.00,0.00,0.00,0.00,0.00,false,
RND_085,default_2026_10,system,1,1500.33,true,4.252;1.95;1.52;1.19,open;open;open;open,false,,4,1500.33,6001.32,900.16,5101.16,,11365.37,0.00,1704.80,0.00,9660.57,false,
RND_086,small_caps,multiple,,5.50,false,5.50;2.11;2.01;3.104;1.812;3.35;3.97;4.393;3.67;1.97;1.276,win;half_lose;win;lose;win;win;win;lose;half_win;lose;win,true,BET_TOO_MANY_LEGS,,,,,,,,,,,,,
RND_087,default_2026_10,multiple,,37.33,false,4.19;1.17;3.45;4.96;3.32;4.843;1.64;5.38,win;half_lose;win;half_win;win;win;lose;win,true,,1,37.33,37.33,5.59,31.74,11900.88,0.00,0.00,0.00,0.00,0.00,false,
RND_088,no_tax,multiple,,999.00,false,1.347;5.81;4.45;4.03;1.988;3.49;3.630;5.154;2.869;2.53;5.48,open;open;open;open;open;open;open;open;open;open;open,false,,1,999.00,999.00,0.00,999.00,724658.28,5000000.00,0.00,0.00,0.00,5000000.00,true,MAX_PAYOUT_REACHED
RND_089,default_2026_10,system,4;5,1500.50,false,1.65;3.28;2.58;5.481;2.59;4.73,open;open;open;open;open;open,false,,21,71.45,1500.45,224.91,1275.54,,217527.62,0.00,32629.14,0.00,184898.48,false,STAKE_REMAINDER_NOT_CHARGED
RND_090,small_caps,multiple,,250.50,false,4.944;3.39;5.83;3.86;2.55,open;open;open;open;open,false,,1,250.50,250.50,37.57,212.93,961.77,2000.00,0.00,0.00,0.00,2000.00,true,ACCA_BONUS_CAPPED;MAX_PAYOUT_REACHED
RND_091,default_2026_10,multiple,,50.00,false,1.286;3.95;3.83;1.17;5.261;1.695;5.80;1.66;1.34,win;void;win;lose;win;lose;win;half_lose;half_win,true,,1,50.00,50.00,7.50,42.50,2618.79,0.00,0.00,0.00,0.00,0.00,false,
RND_092,default_2026_10,multiple,,20.00,false,3.83;4.86;1.646,win;lose;void,true,,1,20.00,20.00,3.00,17.00,30.63,0.00,0.00,0.00,0.00,0.00,false,
RND_093,small_caps,system,1,100.33,false,4.61;3.89;4.66;2.36,open;open;open;open,false,,4,25.08,100.32,15.04,85.28,,330.87,0.00,0.00,0.00,330.87,false,STAKE_REMAINDER_NOT_CHARGED
RND_094,no_tax,single,,37.00,false,4.08;2.07,open;open,false,,2,18.50,37.00,0.00,37.00,,113.77,0.00,0.00,0.00,113.77,false,
RND_095,small_caps,single,,1500.50,false,2.84,win,true,BET_STAKE_TOO_HIGH,,,,,,,,,,,,,
RND_096,default_2026_10,multiple,,999.33,false,2.835;1.076;3.33;4.48;2.810;3.82;4.80;5.59;3.91;2.82;3.48;5.78,win;win;lose;win;lose;lose;win;win;win;void;win;win,true,,1,999.33,999.33,149.89,849.44,2906988.12,0.00,0.00,0.00,0.00,0.00,false,
RND_097,small_caps,system,3,10.33,true,5.61;1.18;2.56;1.35,open;open;open;open,false,,4,10.33,41.32,6.16,35.16,,433.77,0.00,0.00,0.00,433.77,false,
RND_098,small_caps,system,1,250.00,true,3.35;3.12;4.10;5.16;5.49,lose;lose;win;lose;win,true,BET_STAKE_TOO_HIGH,,,,,,,,,,,,,
RND_099,net_win_tax_refund_void,single,,1500.00,false,5.29;1.240;4.786,half_lose;lose;lose,true,,3,500.00,1500.00,150.00,1350.00,,225.00,0.00,0.00,0.00,225.00,false,
RND_100,no_tax,multiple,,37.33,false,5.64;5.105;5.35,open;open;open,false,,1,37.33,37.33,0.00,37.33,154.03,5750.24,0.00,0.00,0.00,5750.24,false,
RND_101,no_tax,multiple,,1500.00,false,4.493;4.323;4.93;2.38;2.84;3.40;2.406,open;open;open;open;open;open;open,false,,1,1500.00,1500.00,0.00,1500.00,5294.66,5000000.00,0.00,0.00,0.00,5000000.00,true,MAX_PAYOUT_REACHED
RND_102,net_win_tax_refund_void,single,,100.00,false,4.08;4.189;2.852;3.21,win;win;win;win,true,,4,25.00,100.00,10.00,90.00,,322.44,0.00,34.86,0.00,287.58,false,
RND_103,default_2026_10,multiple,,250.33,false,2.806;5.59;1.47;5.99;5.179;3.59;4.67;3.84;1.86;1.86;2.896,win;win;win;half_lose;win;half_win;win;win;win;half_win;lose,true,,1,250.33,250.33,37.54,212.79,461377.63,0.00,0.00,0.00,0.00,0.00,false,
RND_104,default_2026_10,system,1,5.99,false,5.20;1.50;2.759;3.74,open;open;open;open,false,,4,1.49,5.96,0.88,5.08,,16.74,0.00,0.00,0.00,16.74,false,STAKE_REMAINDER_NOT_CHARGED
RND_105,default_2026_10,multiple,,999.33,false,1.44;1.37;5.67;4.658;2.42;2.419;5.73,open;open;open;open;open;open;open,false,,1,999.33,999.33,149.89,849.44,1747.71,1000000.00,0.00,150000.00,0.00,850000.00,true,MAX_PAYOUT_REACHED
RND_106,net_win_tax_refund_void,single,,5.99,true,4.36;5.34;3.050;1.969,win;win;half_lose;win,true,,4,5.99,23.96,2.36,21.60,,65.70,0.00,6.61,0.00,59.09,false,
RND_107,default_2026_10,multiple,,10.33,false,4.34;3.379;1.42;5.654;5.70;3.73;3.221;5.12;1.930;4.022,half_lose;win;lose;lose;win;win;win;win;win;lose,true,,1,10.33,10.33,1.54,8.79,320454.08,0.00,0.00,0.00,0.00,0.00,false,
RND_108,default_2026_10,single,,250.00,true,1.12;4.84;1.86,open;open;open,false,,3,250.00,750.00,112.50,637.50,,1661.75,0.00,249.26,0.00,1412.49,false,
RND_109,net_win_tax_refund_void,multiple,,5.00,false,1.790;2.88;5.255;3.599;5.955,void;win;win;win;win,true,,1,5.00,5.00,0.50,4.50,580.60,1459.62,72.75,229.18,0.00,1303.19,false,
RND_110,net_win_tax_refund_void,multiple,,100.00,false,4.73;3.62;1.66;2.634;2.95;5.74;2.796;5.36;2.15;1.51;4.72,open;open;open;open;open;open;open;open;open;open;open,false,,1,100.00,100.00,10.00,90.00,291129.91,1000000.00,0.00,149986.50,0.00,850013.50,true,ACCA_BONUS_CAPPED;MAX_PAYOUT_REACHED
RND_111,default_2026_10,single,,100.00,false,1.11,open,false,,1,100.00,100.00,15.00,85.00,1.11,94.35,0.00,0.00,0.00,94.35,false,
RND_112,no_tax,multiple,,999.33,false,5.64;2.72;5.57;1.51;4.67;1.198;2.42;5.81;4.806;1.40;2.18;4.43,open;open;open;open;open;open;open;open;open;open;open;open,false,,1,999.33,999.33,0.00,999.33,659503.90,5000000.00,0.00,0.00,0.00,5000000.00,true,MAX_PAYOUT_REACHED
RND_113,default_2026_10,single,,37.00,true,5.28;1.679;4.893,open;open;open,false,,3,37.00,111.00,16.65,94.35,,372.73,0.00,0.00,0.00,372.73,false,
RND_114,no_tax,multiple,,20.00,false,2.03;5.668;3.30;2.29;5.302;2.26;4.39;2.38,open;open;open;open;open;open;open;open,false,,1,20.00,20.00,0.00,20.00,10885.91,217718.30,0.00,0.00,0.00,217718.30,false,
RND_115,default_2026_10,multiple,,5.00,false,4.78;1.140;3.27;2.928;4.67;4.857;3.09,open;open;open;open;open;open;open,false,,1,5.00,5.00,0.75,4.25,3656.74,15541.17,1242.95,2517.61,0.00,14266.51,false,
RND_116,net_win_tax_refund_void,multiple,,250.33,false,2.12;5.66;5.57;3.28;2.459;3.62;3.64;5.29;2.97;2.63,open;open;open;open;open;open;open;open;open;open,false,,1,250.33,250.33,25.03,225.30,293506.47,1000000.00,0.00,149966.20,0.00,850033.80,true,ACCA_BONUS_CAPPED;MAX_PAYOUT_REACHED
RND_117,no_tax,single,,20.50,false,1.30;1.829,open;open,false,,2,10.25,20.50,0.00,20.50,,32.06,0.00,0.00,0.00,32.06,false,
RND_118,default_2026_10,multiple,,1500.33,false,4.03;2.52;5.56,win;half_lose;lose,true,,1,1500.33,1500.33,225.04,1275.29,56.46,0.00,0.00,0.00,0.00,0.00,false,
RND_119,small_caps,multiple,,50.99,false,5.11;4.38;4.45;4.84;2.17;3.74;3.98;2.45;4.13;3.23;4.575,win;half_lose;win;win;win;win;win;win;win;void;win,true,BET_TOO_MANY_LEGS,,,,,,,,,,,,,
RND_120,default_2026_10,system,1;2,1500.00,false,5.56;2.329;3.53;1.256,win;win;win;win,true,,10,150.00,1500.00,225.00,1275.00,,8646.32,0.00,1296.94,0.00,7349.38,false,
RND_121,small_caps,system,1,5.00,false,5.65;2.67;5.84;2.02,open;open;open;open,false,,4,1.25,5.00,0.72,4.28,,17.29,0.00,0.00,0.00,17.29,false,
RND_122,small_caps,multiple,,250.50,false,1.052;4.56;3.124;4.471,open;open;open;open,false,,1,250.50,250.50,37.57,212.93,67.00,2000.00,0.00,0.00,0.00,2000.00,true,ACCA_BONUS_CAPPED;MAX_PAYOUT_REACHED
RND_123,net_win_tax_refund_void,single,,10.00,false,4.36;2.09;2.79,open;open;open,false,,3,3.33,9.99,0.99,9.00,,27.72,0.00,2.80,0.00,24.92,false,STAKE_REMAINDER_NOT_CHARGED
RND_124,net_win_tax_refund_void,single,,37.99,true,4.493,win,true,,1,37.99,37.99,3.79,34.20,4.49,153.66,0.00,17.91,0.00,135.75,false,
RND_125,default_2026_10,system,1,5.00,false,5.34;1.58;2.67;4.51,open;open;open;open,false,,4,1.25,5.00,0.72,4.28,,15.07,0.00,0.00,0.00,15.07,false,
RND_126,default_2026_10,single,,50.33,false,1.944;4.73;5.79;4.16,open;open;open;open,false,,4,12.58,50.32,7.52,42.80,,177.87,0.00,0.00,0.00,177.87,false,STAKE_REMAINDER_NOT_CHARGED
RND_127,no_tax,multiple,,100.00,false,2.983;3.00;5.36;3.26;2.15;3.80;1.43;3.774,win;lose;win;half_win;win;win;win;half_win,true,,1,100.00,100.00,0.00,100.00,6894.72,0.00,0.00,0.00,0.00,0.00,false,
RND_128,default_2026_10,multiple,,37.50,false,5.68;5.53;1.42,win;lose;win,true,,1,37.50,37.50,5.62,31.88,44.60,0.00,0.00,0.00,0.00,0.00,false,
RND_129,default_2026_10,system,1,1500.00,false,5.31;1.98;5.16,lose;win;win,true,,3,500.00,1500.00,225.00,1275.00,,3034.50,0.00,455.17,0.00,2579.33,false,
RND_130,small_caps,multiple,,999.00,false,1.756;5.45;4.65;1.33;1.709;1.769;4.12;3.34,half_lose;win;lose;win;lose;win;half_win;win,true,,1,999.00,999.00,149.85,849.15,2462.28,0.00,0.00,0.00,0.00,0.00,false,
RND_131,default_2026_10,single,,100.99,false,5.12;5.48;3.04;2.56,half_lose;win;win;half_lose,true,,4,25.24,100.96,15.12,85.84,,204.29,0.00,0.00,0.00,204.29,false,STAKE_REMAINDER_NOT_CHARGED
RND_132,no_tax,multiple,,50.33,false,2.74;2.171;5.967;3.77,open;open;open;open,false,,1,50.33,50.33,0.00,50.33,133.81,6734.95,0.00,0.00,0.00,6734.95,false,
RND_133,no_tax,single,,5.99,false,4.33;3.630;4.45,open;open;open,false,,3,1.99,5.97,0.00,5.97,,24.68,0.00,0.00,0.00,24.68,false,STAKE_REMAINDER_NOT_CHARGED
RND_134,small_caps,single,,100.00,false,4.29;4.16,win;lose,true,,2,50.00,100.00,15.00,85.00,,182.32,0.00,0.00,0.00,182.32,false,
RND_135,default_2026_10,multiple,,20.33,false,2.50;1.86;3.54;4.48,open;open;open;open,false,,1,20.33,20.33,3.04,17.29,73.74,1275.05,37.73,196.91,0.00,1115.87,false,
RND_136,net_win_tax_refund_void,system,3,37.99,false,2.33;5.55;2.95;2.607;5.17;1.291,half_lose;win;win;win;win;lose,true,,20,1.89,37.80,3.60,34.20,,495.64,0.00,69.21,0.00,426.43,false,STAKE_REMAINDER_NOT_CHARGED
RND_137,default_2026_10,single,,37.50,false,1.242,open,false,,1,37.50,37.50,5.62,31.88,1.24,39.59,0.00,0.00,0.00,39.59,false,
RND_138,default_2026_10,multiple,,20.00,false,4.00;4.308;3.27;1.92,open;open;open;open,false,,1,20.00,20.00,3.00,17.00,108.18,1839.21,54.66,284.08,0.00,1609.79,false,
RND_139,small_caps,system,1,37.50,false,5.41;5.43;3.271;5.14;1.55,win;win;win;win;lose,true,,5,7.50,37.50,5.60,31.90,,122.80,0.00,0.00,0.00,122.80,false,
RND_140,small_caps,multiple,,20.00,false,4.21;5.59;2.437;2.70;2.73;2.29;3.78;2.55;5.37;1.89;4.81;5.76,half_lose;win;win;void;win;win;win;win;half_win;win;win;void,true,BET_TOO_MANY_LEGS,,,,,,,,,,,,,
RND_141,default_2026_10,system,2,10.00,false,5.70;4.21;2.82;5.89,open;open;open;open,false,,6,1.66,9.96,1.44,8.52,,180.20,0.00,0.00,0.00,180.20,false,STAKE_REMAINDER_NOT_CHARGED
RND_142,small_caps,single,,100.33,false,5.84;2.56,open;open,false,,2,50.16,100.32,15.04,85.28,,358.16,0.00,0.00,0.00,358.16,false,STAKE_REMAINDER_NOT_CHARGED
RND_143,no_tax,system,2,1500.33,true,5.747;3.59;3.95,open;open;open,false,,3,1500.33,4500.99,0.00,4500.99,,86288.28,0.00,0.00,0.00,86288.28,false,
RND_144,net_win_tax_refund_void,single,,37.99,true,4.35;5.00,open;open,false,,2,37.99,75.98,7.58,68.40,,319.77,0.00,37.70,0.00,282.07,false,
RND_145,default_2026_10,system,5,100.33,false,3.456;5.46;3.85;5.29;1.98;4.570,win;win;win;lose;win;win,true,,6,16.72,100.32,15.00,85.32,,9347.77,0.00,1402.16,0.00,7945.61,false,STAKE_REMAINDER_NOT_CHARGED
RND_146,small_caps,multiple,,999.33,false,3.66;2.58;5.54;4.576;5.680,open;open;open;open;open,false,,1,999.33,999.33,149.89,849.44,1359.70,2000.00,0.00,0.00,0.00,2000.00,true,ACCA_BONUS_CAPPED;MAX_PAYOUT_REACHED
RND_147,default_2026_10,system,4,5.50,true,4.61;2.397;2.70;3.21;4.63;4.374,win;win;half_lose;half_win;lose;lose,true,,15,5.50,82.50,12.30,70.20,,54.42,0.00,0.00,0.00,54.42,false,
RND_148,net_win_tax_refund_void,system,3;4,100.00,false,5.53;4.53;2.11;4.781;5.06,open;open;open;open;open,false,,15,6.66,99.90,9.90,90.00,,14654.29,0.00,2184.64,0.00,12469.65,false,STAKE_REMAINDER_NOT_CHARGED
RND_149,default_2026_10,multiple,,999.99,false,4.21;4.40;1.897;2.62;5.44;5.07;5.615,win;win;win;lose;win;win;win,true,,1,999.99,999.99,149.99,850.00,14258.04,0.00,0.00,0.00,0.00,0.00,false,
RND_150,no_tax,single,,10.99,true,2.98;5.51;4.31;2.28,win;win;win;win,true,,4,10.99,43.96,0.00,43.96,,165.71,0.00,0.00,0.00,165.71,false,
RND_151,default_2026_10,multiple,,999.00,false,4.23;4.05;3.03;1.171;3.248,open;open;open;open;open,false,,1,999.00,999.00,149.85,849.15,197.42,167646.83,5003.93,25897.61,0.00,146753.15,false,
RND_152,small_caps,multiple,,37.00,false,5.97;4.58;5.602;3.421;5.55;4.42,lose;lose;void;lose;void;win,true,,1,37.00,37.00,5.55,31.45,12854.38,0.00,0.00,0.00,0.00,0.00,false,
RND_153,default_2026_10,multiple,,999.50,false,4.64;2.28;1.24;3.367;4.04;2.57;3.59;2.40;1.44;3.16;3.800,open;open;open;open;open;open;open;open;open;open;open,false,,1,999.50,999.50,149.92,849.58,68323.63,1000000.00,0.00,150000.00,0.00,850000.00,true,ACCA_BONUS_CAPPED;MAX_PAYOUT_REACHED
RND_154,no_tax,multiple,,100.50,false,3.646;4.79;1.14;1.992;3.211;5.53;5.80;5.35;1.944;3.932,open;open;open;open;open;open;open;open;open;open,false,,1,100.50,100.50,0.00,100.50,167033.40,5000000.00,0.00,0.00,0.00,5000000.00,true,MAX_PAYOUT_REACHED
RND_155,no_tax,multiple,,100.00,false,5.85;3.46;5.63,win;lose;win,true,,1,100.00,100.00,0.00,100.00,113.95,0.00,0.00,0.00,0.00,0.00,false,
RND_156,default_2026_10,multiple,,250.00,false,4.40;3.835;5.60;1.16;4.57;3.23,win;void;void;win;win;void,true,,1,250.00,250.00,37.50,212.50,1618.01,4956.62,0.00,743.49,0.00,4213.13,false,
RND_157,default_2026_10,multiple,,50.99,false,2.56;3.74;4.43;5.48;4.28;4.859;5.15;2.53;1.261,open;open;open;open;open;open;open;open;open,false,,1,50.99,50.99,7.64,43.35,79419.90,1000000.00,0.00,150000.00,0.00,850000.00,true,ACCA_BONUS_CAPPED;MAX_PAYOUT_REACHED
RND_158,no_tax,multiple,,250.00,false,2.168;2.680,open;open,false,,1,250.00,250.00,0.00,250.00,5.81,1452.56,0.00,0.00,0.00,1452.56,false,
RND_159,default_2026_10,multiple,,37.99,false,1.89;4.52;3.96;3.41;1.14;4.08;2.94,open;open;open;open;open;open;open,false,,1,37.99,37.99,5.69,32.30,1577.47,50952.40,4073.60,8253.90,0.00,46772.10,false,
RND_160,no_tax,multiple,,50.00,false,4.97;1.42;4.51;4.32,open;open;open;open,false,,1,50.00,50.00,0.00,50.00,137.50,6875.03,0.00,0.00,0.00,6875.03,false,
RND_161,default_2026_10,system,2;3,37.99,true,2.64;1.26;5.09;3.74,open;open;open;open,false,,10,37.99,379.90,56.90,323.00,,5181.36,0.00,777.20,0.00,4404.16,false,
RND_162,default_2026_10,multiple,,20.00,false,2.19;1.62;2.367;4.838;4.006;1.307;2.33,open;open;open;open;open;open;open,false,,1,20.00,20.00,3.00,17.00,495.63,8425.86,672.70,1364.78,0.00,7733.78,false,
RND_163,no_tax,single,,999.00,false,3.15;5.78;5.24;1.71,win;win;win;lose,true,,4,249.75,999.00,0.00,999.00,,3538.95,0.00,0.00,0.00,3538.95,false,
RND_164,default_2026_10,multiple,,50.99,false,1.109;2.248;1.89;1.91;3.75;1.63;2.340;3.69;5.266,open;open;open;open;open;open;open;open;open,false,,1,50.99,50.99,7.64,43.35,2501.29,108431.15,16258.17,18703.39,0.00,105985.93,false,
RND_165,net_win_tax_refund_void,system,3,10.00,false,4.26;5.73;4.50;1.580;1.60;1.13,open;open;open;open;open;open,false,,20,0.50,10.00,1.00,9.00,,225.06,0.00,32.40,0.00,192.66,false,
RND_166,net_win_tax_refund_void,multiple,,37.00,false,1.85;5.58;3.89;3.13,half_lose;half_lose;win;half_lose,true,,1,37.00,37.00,3.70,33.30,125.68,16.19,0.00,0.00,0.00,16.19,false,
RND_167,small_caps,multiple,,20.50,false,3.15;5.97;5.368,open;open;open,false,,1,20.50,20.50,3.07,17.43,100.94,1759.52,50.00,0.00,0.00,1809.52,false,ACCA_BONUS_CAPPED
RND_168,net_win_tax_refund_void,multiple,,50.99,false,3.25;1.29;1.14;1.26;3.52;1.31;1.349;1.092;4.51;4.66;1.18;2.59,open;open;open;open;open;open;open;open;open;open;open;open,false,,1,50.99,50.99,5.09,45.90,2627.49,120601.83,6027.79,18987.55,0.00,107642.07,false,
RND_169,default_2026_10,multiple,,50.50,false,1.32;4.770;3.14;5.61;2.104;5.96,lose;lose;win;half_lose;win;win,true,,1,50.50,50.50,7.57,42.93,1390.83,0.00,0.00,0.00,0.00,0.00,false,
RND_170,default_2026_10,multiple,,999.00,false,1.18;4.18;5.449;1.94,lose;win;lose;half_lose,true,,1,999.00,999.00,149.85,849.15,52.14,0.00,0.00,0.00,0.00,0.00,false,
RND_171,no_tax,multiple,,10.50,false,3.60;5.91;4.35;4.653;4.73;2.22;2.538;5.98;2.97;2.94;3.08;4.732,half_lose;win;lose;win;win;half_lose;win;half_win;win;win;lose;win,true,,1,10.50,10.50,0.00,10.50,8734105.63,0.00,0.00,0.00,0.00,0.00,false,
RND_172,default_2026_10,single,,37.00,false,1.96,open,false,,1,37.00,37.00,5.55,31.45,1.96,61.64,0.00,0.00,0.00,61.64,false,
RND_173,net_win_tax_refund_void,multiple,,37.50,false,4.97;5.95;2.18;1.16;1.78;2.06;5.47,open;open;open;open;open;open;open,false,,1,37.50,37.50,3.75,33.75,1499.90,50621.63,2529.39,7967.59,0.00,45183.43,false,
RND_174,default_2026_10,multiple,,50.99,false,2.68;1.33;1.61;2.64;2.90;5.28;3.51;1.58;1.070,open;open;open;open;open;open;open;open;open,false,,1,50.99,50.99,7.64,43.35,1376.56,59674.01,8944.59,10292.79,0.00,58325.81,false,
RND_175,default_2026_10,system,1;2,10.50,false,2.98;4.415;1.188;2.52,win;lose;win;win,true,,10,1.05,10.50,1.50,9.00,,18.62,0.00,0.00,0.00,18.62,false,
RND_176,default_2026_10,system,1;2,20.33,false,2.37;2.14;2.64,open;open;open,false,,6,3.38,20.28,3.00,17.28,,69.46,0.00,0.00,0.00,69.46,false,STAKE_REMAINDER_NOT_CHARGED
RND_177,default_2026_10,multiple,,50.00,false,3.01;5.521;2.95;4.22;3.86;5.09;2.68;1.174;4.97,open;open;open;open;open;open;open;open;open,false,,1,50.00,50.00,7.50,42.50,63559.88,1000000.00,0.00,150000.00,0.00,850000.00,true,ACCA_BONUS_CAPPED;MAX_PAYOUT_REACHED
RND_178,small_caps,multiple,,100.00,false,4.02;3.98;5.64;1.57;2.41;1.32;4.03;4.59;4.57,win;win;win;lose;win;win;win;half_win;win,true,,1,100.00,100.00,15.00,85.00,38098.93,0.00,0.00,0.00,0.00,0.00,false,
RND_179,default_2026_10,system,4,10.00,false,3.25;3.73;1.56;2.50;3.63;2.776,open;open;open;open;open;open,false,,15,0.66,9.90,1.35,8.55,,560.78,0.00,0.00,0.00,560.78,false,STAKE_REMAINDER_NOT_CHARGED
RND_180,default_2026_10,multiple,,5.00,false,4.568;2.78;4.23,win;win;win,true,,1,5.00,5.00,0.75,4.25,53.71,228.29,6.72,0.00,0.00,235.01,false,
RND_181,no_tax,system,5,20.50,false,1.08;5.93;2.217;1.34;3.26;3.669,win;win;win;win;lose;win,true,,6,3.41,20.46,0.00,20.46,,238.04,0.00,0.00,0.00,238.04,false,STAKE_REMAINDER_NOT_CHARGED
RND_182,default_2026_10,single,,50.99,false,3.336;3.90;5.69;3.70,win;half_lose;void;win,true,,4,12.74,50.96,7.64,43.32,,92.43,0.00,0.00,0.00,92.43,false,STAKE_REMAINDER_NOT_CHARGED
RND_183,default_2026_10,multiple,,250.50,false,5.99;2.11;5.02;1.65;2.328;5.93;5.79,open;open;open;open;open;open;open,false,,1,250.50,250.50,37.57,212.93,8367.83,1000000.00,0.00,150000.00,0.00,850000.00,true,MAX_PAYOUT_REACHED
RND_184,small_caps,single,,250.99,true,1.66;6.00,win;win,true,,2,250.99,501.98,75.28,426.70,,1634.26,0.00,0.00,0.00,1634.26,false,
RND_185,default_2026_10,multiple,,250.50,false,3.56;4.35;3.61;5.46;2.86;3.28;5.57;1.55;5.401;3.70;3.91;3.07,open;open;open;open;open;open;open;open;open;open;open;open,false,,1,250.50,250.50,37.57,212.93,5930030.18,1000000.00,0.00,150000.00,0.00,850000.00,true,ACCA_BONUS_CAPPED;MAX_PAYOUT_REACHED
RND_186,small_caps,multiple,,5.50,false,5.517;1.332;5.03;4.40;4.35;5.59;5.99;3.202;1.854,win;win;half_lose;win;win;win;win;win;win,true,,1,5.50,5.50,0.82,4.68,140632.86,2000.00,0.00,0.00,0.00,2000.00,true,MAX_PAYOUT_REACHED
RND_187,no_tax,multiple,,100.33,false,5.72;2.45;2.16;2.34;3.564;5.91;2.88,open;open;open;open;open;open;open,false,,1,100.33,100.33,0.00,100.33,4296.84,431102.15,0.00,0.00,0.00,431102.15,false,
RND_188,no_tax,multiple,,250.50,false,5.62;3.25;3.17;5.30;3.06;5.28;1.87,win;win;win;lose;win;win;win,true,,1,250.50,250.50,0.00,250.50,9271.53,0.00,0.00,0.00,0.00,0.00,false,
RND_189,net_win_tax_refund_void,multiple,,1500.00,false,4.70;1.30;1.68;2.74;2.95;3.355;1.18;3.19;4.990;5.68;3.662,win;void;win;lose;win;win;void;half_lose;lose;win;win,true,,1,1500.00,1500.00,150.00,1350.00,108756.57,0.00,0.00,0.00,0.00,0.00,false,
RND_190,no_tax,multiple,,1500.99,false,2.87;5.76;1.096;2.60;3.16;3.585,open;open;open;open;open;open,false,,1,1500.99,1500.99,0.00,1500.99,533.65,801018.08,0.00,0.00,0.00,801018.08,false,
RND_191,no_tax,single,,50.00,false,3.001;3.77;3.05,win;lose;void,true,,3,16.66,49.98,0.00,49.98,,66.65,0.00,0.00,0.00,66.65,false,STAKE_REMAINDER_NOT_CHARGED
RND_192,default_2026_10,multiple,,100.99,false,2.11;5.05;4.92;1.82;3.778;5.56;4.95;1.349;5.09;4.74;5.78,open;open;open;open;open;open;open;open;open;open;open,false,,1,100.99,100.99,15.14,85.85,1866328.89,1000000.00,0.00,150000.00,0.00,850000.00,true,ACCA_BONUS_CAPPED;MAX_PAYOUT_REACHED
RND_193,default_2026_10,system,1,50.33,false,5.77;1.905;1.760;4.45;2.90,lose;lose;win;win;lose,true,,5,10.06,50.30,7.50,42.80,,53.15,0.00,0.00,0.00,53.15,false,STAKE_REMAINDER_NOT_CHARGED
RND_194,default_2026_10,single,,20.00,true,5.30;2.02;4.318,open;open;open,false,,3,20.00,60.00,9.00,51.00,,197.84,0.00,0.00,0.00,197.84,false,
RND_195,default_2026_10,multiple,,1500.00,false,4.548;4.09;4.39;5.46;5.06;2.82;1.72;4.30;5.14;3.091;5.755,win;win;win;win;win;half_win;half_win;void;win;win;win,true,,1,1500.00,1500.00,225.00,1275.00,4302341.76,1000000.00,0.00,150000.00,0.00,850000.00,true,MAX_PAYOUT_REACHED
RND_196,small_caps,single,,999.99,false,3.45;1.21;2.027;3.70,lose;win;lose;win,true,,4,249.99,999.96,149.96,850.00,,1043.37,0.00,0.00,0.00,1043.37,false,STAKE_REMAINDER_NOT_CHARGED
RND_197,default_2026_10,single,,37.33,false,4.49,half_lose,true,,1,37.33,37.33,5.59,31.74,4.49,15.87,0.00,0.00,0.00,15.87,false,
RND_198,small_caps,single,,10.33,false,3.921;1.973,open;open,false,,2,5.16,10.32,1.54,8.78,,25.87,0.00,0.00,0.00,25.87,false,STAKE_REMAINDER_NOT_CHARGED
RND_199,no_tax,system,1;2,999.00,false,3.04;2.56;3.52;2.26;2.83;2.87,win;win;lose;half_win;win;half_lose,true,,21,47.57,998.97,0.00,998.97,,2519.28,0.00,0.00,0.00,2519.28,false,STAKE_REMAINDER_NOT_CHARGED
RND_200,default_2026_10,multiple,,250.99,false,2.33;2.44;3.48;3.07;3.80;4.008;3.39;2.26,lose;win;lose;half_lose;win;win;lose;win,true,,1,250.99,250.99,37.64,213.35,7087.33,0.00,0.00,0.00,0.00,0.00,false,
RND_201,no_tax,multiple,,999.00,false,3.238;4.020;5.59;4.16;3.08;2.212;5.94;1.47,win;win;win;void;win;win;half_win;win,true,,1,999.00,999.00,0.00,999.00,18007.26,2526171.56,0.00,0.00,0.00,2526171.56,false,
RND_202,default_2026_10,multiple,,5.00,false,2.65;2.24;2.34;4.73;4.15;5.777;5.51;1.31;2.93;2.23;4.484,open;open;open;open;open;open;open;open;open;open;open,false,,1,5.00,5.00,0.75,4.25,333105.90,1000000.00,0.00,150000.00,0.00,850000.00,true,ACCA_BONUS_CAPPED;MAX_PAYOUT_REACHED
RND_203,default_2026_10,multiple,,1500.00,false,2.34;1.14;1.48;5.95,win;lose;half_win;win,true,,1,1500.00,1500.00,225.00,1275.00,23.49,0.00,0.00,0.00,0.00,0.00,false,
RND_204,net_win_tax_refund_void,system,3,5.99,false,5.109;4.04;2.29;5.84;1.23,win;win;lose;lose;half_win,true,,10,0.59,5.90,0.50,5.40,,12.42,0.00,1.05,0.00,11.37,false,STAKE_REMAINDER_NOT_CHARGED
RND_205,default_2026_10,system,3,20.00,false,5.33;1.54;3.244;4.79;4.87,open;open;open;open;open,false,,10,2.00,20.00,3.00,17.00,,947.07,0.00,0.00,0.00,947.07,false,
RND_206,default_2026_10,multiple,,5.00,false,3.01;5.30;3.89;3.24;5.08;1.212;2.28;4.55,open;open;open;open;open;open;open;open,false,,1,5.00,5.00,0.75,4.25,12842.49,54580.62,4366.10,8842.00,0.00,50104.72,false,
RND_207,small_caps,single,,37.00,false,1.91;2.26;3.32,open;open;open,false,,3,12.33,36.99,5.52,31.47,,78.55,0.00,0.00,0.00,78.55,false,STAKE_REMAINDER_NOT_CHARGED
RND_208,default_2026_10,multiple,,37.50,false,2.84;1.641;3.67;3.72;2.53;5.70;5.31;5.65,void;win;void;half_win;win;win;half_lose;win,true,,1,37.50,37.50,5.62,31.88,27527.97,5029.82,0.00,754.47,0.00,4275.35,false,
RND_209,default_2026_10,multiple,,999.00,false,5.79;5.632;4.43;1.544;5.16;1.17;3.288;1.488;4.67;2.54,open;open;open;open;open;open;open;open;open;open,false,,1,999.00,999.00,149.85,849.15,78147.14,1000000.00,0.00,150000.00,0.00,850000.00,true,ACCA_BONUS_CAPPED;MAX_PAYOUT_REACHED
RND_210,no_tax,single,,250.99,false,4.50;5.62;1.13,half_win;lose;win,true,,3,83.66,250.98,0.00,250.98,,324.59,0.00,0.00,0.00,324.59,false,STAKE_REMAINDER_NOT_CHARGED
RND_211,default_2026_10,multiple,,10.00,false,3.57;1.35;4.552,open;open;open,false,,1,10.00,10.00,1.50,8.50,21.93,186.47,5.33,0.00,0.00,191.80,false,
RND_212,small_caps,single,,1500.00,true,2.55;1.39;5.496;5.11,open;open;open;open,false,BET_STAKE_TOO_HIGH,,,,,,,,,,,,,
RND_213,net_win_tax_refund_void,single,,50.00,true,3.03;5.72;4.46;2.30,open;open;open;open,false,,4,50.00,200.00,20.00,180.00,,697.95,0.00,77.69,0.00,620.26,false,
RND_214,no_tax,system,3,50.99,true,5.76;4.67;2.85;5.774;2.92;3.71,void;lose;lose;win;win;void,true,,20,50.99,1019.80,0.00,1019.80,,2162.68,0.00,0.00,0.00,2162.68,false,
RND_215,default_2026_10,multiple,,250.99,false,5.12;3.43;4.170;4.383;2.938;3.30;4.49;4.29;1.79;5.78;4.70;4.28,half_win;win;win;void;half_win;lose;win;lose;win;void;win;win,true,,1,250.99,250.99,37.64,213.35,12475658.19,0.00,0.00,0.00,0.00,0.00,false,
RND_216,default_2026_10,multiple,,100.99,false,2.67;1.161;3.69;5.13;5.88,open;open;open;open;open,false,,1,100.99,100.99,15.14,85.85,345.03,29621.34,886.06,4576.11,0.00,25931.29,false,
RND_217,default_2026_10,system,3,5.00,false,2.904;5.258;4.253;3.856;1.905;2.102,open;open;open;open;open;open,false,,20,0.25,5.00,0.60,4.40,,157.19,0.00,0.00,0.00,157.19,false,
RND_218,net_win_tax_refund_void,single,,1500.99,false,1.65,half_lose,true,,1,1500.99,1500.99,150.09,1350.90,1.65,675.45,0.00,0.00,0.00,675.45,false,
RND_219,default_2026_10,single,,100.33,false,1.96;3.97;1.847,open;open;open,false,,3,33.44,100.32,15.03,85.29,,221.09,0.00,0.00,0.00,221.09,false,STAKE_REMAINDER_NOT_CHARGED
RND_220,default_2026_10,single,,50.33,false,5.72;5.751,open;open,false,,2,25.16,50.32,7.54,42.78,,245.36,0.00,0.00,0.00,245.36,false,STAKE_REMAINDER_NOT_CHARGED
RND_221,default_2026_10,multiple,,100.00,false,5.54;2.33;2.59;3.89;5.777;3.745;5.05;2.075,open;open;open;open;open;open;open;open,false,,1,100.00,100.00,15.00,85.00,29483.47,1000000.00,0.00,150000.00,0.00,850000.00,true,ACCA_BONUS_CAPPED;MAX_PAYOUT_REACHED
RND_222,small_caps,multiple,,50.50,false,2.74;3.818;2.626;3.83;1.296;4.87;1.76,open;open;open;open;open;open;open,false,,1,50.50,50.50,7.57,42.93,1168.76,2000.00,0.00,0.00,0.00,2000.00,true,ACCA_BONUS_CAPPED;MAX_PAYOUT_REACHED
RND_223,default_2026_10,multiple,,999.50,false,2.686;3.00;4.11;4.341;3.72;1.62;3.74,win;win;lose;lose;lose;lose;win,true,,1,999.50,999.50,149.92,849.58,3240.32,0.00,0.00,0.00,0.00,0.00,false,
RND_224,default_2026_10,single,,999.33,false,4.75;1.33,win;win,true,,2,499.66,999.32,149.88,849.44,,2582.29,0.00,387.34,0.00,2194.95,false,STAKE_REMAINDER_NOT_CHARGED
RND_225,small_caps,multiple,,10.50,false,2.252;4.62;4.376;3.60;2.29,void;win;win;lose;lose,true,,1,10.50,10.50,1.57,8.93,375.34,0.00,0.00,0.00,0.00,0.00,false,
RND_226,small_caps,single,,999.50,false,5.37;4.966;5.00;4.33,void;lose;lose;win,true,,4,249.87,999.48,149.92,849.56,,1132.03,0.00,0.00,0.00,1132.03,false,STAKE_REMAINDER_NOT_CHARGED
RND_227,small_caps,system,4;5,1500.33,false,3.65;3.16;3.82;1.919;4.06;4.61,win;win;win;lose;lose;win,true,BET_STAKE_TOO_HIGH,,,,,,,,,,,,,
RND_228,default_2026_10,multiple,,37.00,false,4.96;2.04;1.971;1.321,open;open;open;open,false,,1,37.00,37.00,5.55,31.45,26.34,828.55,23.91,0.00,0.00,852.46,false,
RND_229,small_caps,single,,10.00,true,3.98;4.883;3.99,open;open;open,false,,3,10.00,30.00,4.50,25.50,,109.24,0.00,0.00,0.00,109.24,false,
RND_230,default_2026_10,multiple,,5.00,false,1.495;5.37;4.85;3.61;4.289;5.844,open;open;open;open;open;open,false,,1,5.00,5.00,0.75,4.25,3523.14,14973.37,1197.52,2425.63,0.00,13745.26,false,
RND_231,default_2026_10,single,,50.99,false,1.41;4.10,half_lose;win,true,,2,25.49,50.98,7.64,43.34,,99.67,0.00,0.00,0.00,99.67,false,STAKE_REMAINDER_NOT_CHARGED
RND_232,no_tax,single,,5.33,true,1.53;3.52,lose;win,true,,2,5.33,10.66,0.00,10.66,,18.76,0.00,0.00,0.00,18.76,false,
RND_233,default_2026_10,single,,100.99,false,4.916,win,true,,1,100.99,100.99,15.14,85.85,4.91,422.03,0.00,0.00,0.00,422.03,false,
RND_234,small_caps,single,,999.99,false,5.06;2.49;2.78,win;lose;lose,true,,3,333.33,999.99,149.97,850.02,,1433.70,0.00,0.00,0.00,1433.70,false,
RND_235,default_2026_10,system,1,50.00,false,1.74;1.92;2.160,open;open;open,false,,3,16.66,49.98,7.47,42.51,,82.45,0.00,0.00,0.00,82.45,false,STAKE_REMAINDER_NOT_CHARGED
RND_236,net_win_tax_refund_void,multiple,,50.00,false,3.36;1.89;2.27;2.17;4.70;5.53;5.35;5.07;4.050;1.49;1.57;3.93,open;open;open;open;open;open;open;open;open;open;open;open,false,,1,50.00,50.00,5.00,45.00,821116.72,1000000.00,0.00,149993.25,0.00,850006.75,true,ACCA_BONUS_CAPPED;MAX_PAYOUT_REACHED
RND_237,small_caps,single,,20.33,true,1.55;1.954;3.24;3.55,open;open;open;open,false,,4,20.33,81.32,12.16,69.16,,177.95,0.00,0.00,0.00,177.95,false,
RND_238,small_caps,system,3,100.00,true,2.70;5.96;1.55;1.17,lose;lose;void;win,true,,4,100.00,400.00,60.00,340.00,,0.00,0.00,0.00,0.00,0.00,false,
RND_239,default_2026_10,multiple,,10.00,false,4.77;4.76;4.54;5.33;4.994;1.235;2.497;3.75;4.46;1.907,open;open;open;open;open;open;open;open;open;open,false,,1,10.00,10.00,1.50,8.50,269872.88,1000000.00,0.00,150000.00,0.00,850000.00,true,ACCA_BONUS_CAPPED;MAX_PAYOUT_REACHED
RND_240,default_2026_10,multiple,,5.33,false,5.81;4.85;3.24;3.55;2.666;2.258;5.036;5.46,open;open;open;open;open;open;open;open,false,,1,5.33,5.33,0.79,4.54,53648.01,243562.00,36533.61,42014.34,0.00,238081.27,false,
RND_241,default_2026_10,single,,20.00,false,4.73,win,true,,1,20.00,20.00,3.00,17.00,4.73,80.41,0.00,0.00,0.00,80.41,false,
RND_242,default_2026_10,multiple,,250.00,false,2.902;3.571;2.01;3.48;2.93;5.41;4.60;3.26;5.279;3.60,open;open;open;open;open;open;open;open;open;open,false,,1,250.00,250.00,37.50,212.50,327459.08,1000000.00,0.00,150000.00,0.00,850000.00,true,ACCA_BONUS_CAPPED;MAX_PAYOUT_REACHED
RND_243,small_caps,single,,50.00,false,2.853;1.06,open;open,false,,2,25.00,50.00,7.50,42.50,,83.14,0.00,0.00,0.00,83.14,false,
RND_244,net_win_tax_refund_void,single,,20.33,true,4.01,void,true,,1,20.33,20.33,2.03,18.30,4.01,18.30,0.00,0.00,2.03,20.33,false,
RND_245,default_2026_10,multiple,,100.99,false,4.60;4.87;2.89;4.09;4.39;4.54,open;open;open;open;open;open,false,,1,100.99,100.99,15.14,85.85,5277.50,453073.45,36239.00,73396.86,0.00,415915.59,false,
RND_246,default_2026_10,single,,20.00,true,5.48;1.15;5.211,lose;void;win,true,,3,20.00,60.00,9.00,51.00,,105.58,0.00,0.00,0.00,105.58,false,
RND_247,default_2026_10,system,3,999.99,false,4.79;5.30;3.24;1.78;1.842,open;open;open;open;open,false,,10,99.99,999.90,149.90,850.00,,28587.20,0.00,4288.08,0.00,24299.12,false,STAKE_REMAINDER_NOT_CHARGED
RND_248,no_tax,system,3,250.50,false,2.26;2.82;1.922;5.36,half_win;half_win;lose;lose,true,,4,62.62,250.48,0.00,250.48,,0.00,0.00,0.00,0.00,0.00,false,STAKE_REMAINDER_NOT_CHARGED
RND_249,no_tax,multiple,,10.00,false,1.82;3.279;1.16;4.638;4.03;4.20;3.86;5.51,win;win;lose;win;half_lose;lose;half_win;lose,true,,1,10.00,10.00,0.00,10.00,11558.32,0.00,0.00,0.00,0.00,0.00,false,
RND_250,no_tax,multiple,,5.50,false,3.484;5.21;4.45,open;open;open,false,,1,5.50,5.50,0.00,5.50,80.77,444.26,0.00,0.00,0.00,444.26,false,
RND_251,no_tax,multiple,,50.99,false,2.866;1.38;5.110;1.19,lose;win;lose;win,true,,1,50.99,50.99,0.00,50.99,24.05,0.00,0.00,0.00,0.00,0.00,false,
RND_252,default_2026_10,multiple,,5.50,false,4.92;5.44;4.99;5.60;5.60;4.17;3.252;3.38;5.97;3.87;3.535;1.24,open;open;open;open;open;open;open;open;open;open;open;open,false,,1,5.50,5.50,0.82,4.68,19441971.12,1000000.00,0.00,150000.00,0.00,850000.00,true,ACCA_BONUS_CAPPED;MAX_PAYOUT_REACHED
RND_253,small_caps,single,,250.50,false,3.30;4.830;2.62;1.19,open;open;open;open,false,,4,62.62,250.48,37.56,212.92,,635.55,0.00,0.00,0.00,635.55,false,STAKE_REMAINDER_NOT_CHARGED
RND_254,default_2026_10,multiple,,1500.50,false,2.45;3.788;5.52;4.51;3.62;1.67;3.43;3.30;3.408,open;open;open;open;open;open;open;open;open,false,,1,1500.50,1500.50,225.07,1275.43,53879.59,1000000.00,0.00,150000.00,0.00,850000.00,true,ACCA_BONUS_CAPPED;MAX_PAYOUT_REACHED
RND_255,default_2026_10,multiple,,20.33,false,2.801;2.829;4.343;4.79;1.814;2.34;4.081;3.556;3.62;3.17;3.72,open;open;open;open;open;open;open;open;open;open;open,false,,1,20.33,20.33,3.04,17.29,433474.60,1000000.00,0.00,150000.00,0.00,850000.00,true,ACCA_BONUS_CAPPED;MAX_PAYOUT_REACHED
RND_256,net_win_tax_refund_void,single,,50.00,false,4.41;2.12;3.14,open;open;open,false,,3,16.66,49.98,4.98,45.00,,145.05,0.00,15.00,0.00,130.05,false,STAKE_REMAINDER_NOT_CHARGED
RND_257,default_2026_10,multiple,,20.99,false,2.44;4.54;4.72,win;win;win,true,,1,20.99,20.99,3.14,17.85,52.28,933.30,27.46,0.00,0.00,960.76,false,
RND_258,default_2026_10,multiple,,10.50,false,5.36;4.49;5.70;1.77;1.67;4.42,win;lose;win;win;win;win,true,,1,10.50,10.50,1.57,8.93,1792.24,0.00,0.00,0.00,0.00,0.00,false,
RND_259,default_2026_10,multiple,,5.99,false,2.189;5.44;5.795;4.94;3.57;4.969,open;open;open;open;open;open,false,,1,5.99,5.99,0.89,5.10,6047.31,30841.28,2466.89,4996.22,0.00,28311.95,false,
RND_260,small_caps,multiple,,100.50,false,5.13;5.93;3.49;1.10;1.24;3.82;2.90;3.64;5.93;2.928;2.91;4.26,open;open;open;open;open;open;open;open;open;open;open;open,false,BET_TOO_MANY_LEGS,,,,,,,,,,,,,
RND_261,default_2026_10,multiple,,1500.50,false,5.692;4.52;5.773;3.36;2.31;1.47;2.33;2.04;1.14;4.27,win;win;half_lose;half_win;win;lose;win;lose;win;lose,true,,1,1500.50,1500.50,225.07,1275.43,39209.58,0.00,0.00,0.00,0.00,0.00,false,
RND_262,default_2026_10,multiple,,5.33,false,1.494;3.080;2.83;4.68;3.63;4.47;4.02;4.751;1.24;1.856;1.82;4.10,win;win;win;win;lose;win;lose;win;half_win;win;win;void,true,,1,5.33,5.33,0.79,4.54,324349.87,0.00,0.00,0.00,0.00,0.00,false,
RND_263,small_caps,system,4,1500.33,false,1.452;5.38;4.51;4.92;4.21,open;open;open;open;open,false,BET_STAKE_TOO_HIGH,,,,,,,,,,,,,
RND_264,default_2026_10,multiple,,1500.33,false,3.20;4.66;4.49;1.109;3.42;4.81;1.72,open;open;open;open;open;open;open,false,,1,1500.33,1500.33,225.04,1275.29,2100.93,1000000.00,0.00,150000.00,0.00,850000.00,true,ACCA_BONUS_CAPPED;MAX_PAYOUT_REACHED
RND_265,default_2026_10,single,,20.00,false,3.52;2.96,open;open,false,,2,10.00,20.00,3.00,17.00,,55.08,0.00,0.00,0.00,55.08,false,
RND_266,default_2026_10,single,,100.33,false,4.92;2.755,win;lose,true,,2,50.16,100.32,15.04,85.28,,209.78,0.00,0.00,0.00,209.78,false,STAKE_REMAINDER_NOT_CHARGED
RND_267,net_win_tax_refund_void,multiple,,250.99,false,4.71;3.671;4.77;4.65;4.63;4.47;3.372;5.58;5.40,open;open;open;open;open;open;open;open;open,false,,1,250.99,250.99,25.09,225.90,806455.97,1000000.00,0.00,149966.11,0.00,850033.89,true,ACCA_BONUS_CAPPED;MAX_PAYOUT_REACHED
RND_268,default_2026_10,multiple,,999.00,false,1.72;5.48;2.64;5.95;2.84,open;open;open;open;open,false,,1,999.00,999.00,149.85,849.15,420.48,357052.97,28496.30,57832.39,0.00,327716.88,false,
RND_269,default_2026_10,multiple,,100.00,false,4.139;3.91;2.955;5.89;1.06;3.96;3.670;5.22,open;open;open;open;open;open;open;open,false,,1,100.00,100.00,15.00,85.00,22650.74,1000000.00,0.00,150000.00,0.00,850000.00,true,MAX_PAYOUT_REACHED
RND_270,default_2026_10,multiple,,20.50,false,2.010;3.86;3.82;5.09;4.27,open;open;open;open;open,false,,1,20.50,20.50,3.07,17.43,644.15,11227.67,896.81,1818.67,0.00,10305.81,false,
RND_271,default_2026_10,system,1;2,5.00,false,2.98;4.96;4.720;2.11,open;open;open;open,false,,10,0.50,5.00,0.70,4.30,,40.26,0.00,0.00,0.00,40.26,false,
RND_272,no_tax,multiple,,1500.33,false,4.79;2.22;5.269;1.558;2.97;4.43;4.42;2.658;2.575;2.314;4.18;5.40,open;open;open;open;open;open;open;open;open;open;open;open,false,,1,1500.33,1500.33,0.00,1500.33,1814814.29,5000000.00,0.00,0.00,0.00,5000000.00,true,MAX_PAYOUT_REACHED
RND_273,default_2026_10,multiple,,5.99,false,5.60;5.94;1.064;4.28;2.67;1.32;2.30;1.07,open;open;open;open;open;open;open;open,false,,1,5.99,5.99,0.89,5.10,1313.88,6700.80,535.65,1085.46,0.00,6150.99,false,
RND_274,no_tax,system,5,1500.99,false,4.02;3.60;2.014;4.47;3.49;4.48,win;win;win;win;half_lose;void,true,,6,250.16,1500.96,0.00,1500.96,,69205.76,0.00,0.00,0.00,69205.76,false,STAKE_REMAINDER_NOT_CHARGED
RND_275,no_tax,multiple,,250.00,false,5.679;5.93;2.75;4.529,open;open;open;open,false,,1,250.00,250.00,0.00,250.00,419.43,104858.00,0.00,0.00,0.00,104858.00,false,
RND_276,small_caps,multiple,,20.99,false,1.13;2.77;4.08;1.82;3.29,open;open;open;open;open,false,,1,20.99,20.99,3.14,17.85,76.46,1364.97,50.00,0.00,0.00,1414.97,false,ACCA_BONUS_CAPPED
RND_277,small_caps,single,,1500.50,true,3.08;5.61;1.63,open;open;open,false,BET_STAKE_TOO_HIGH,,,,,,,,,,,,,
RND_278,default_2026_10,multiple,,5.99,false,2.05;4.48;3.15;3.72;1.13;1.769;2.47;1.06;3.22,win;half_win;win;lose;half_lose;win;lose;half_lose;half_win,true,,1,5.99,5.99,0.89,5.10,1813.63,0.00,0.00,0.00,0.00,0.00,false,
RND_279,net_win_tax_refund_void,system,2,999.00,false,1.63;4.62;3.23;3.54,open;open;open;open,false,,6,166.50,999.00,99.90,899.10,,9182.38,0.00,1242.49,0.00,7939.89,false,
RND_280,default_2026_10,multiple,,250.50,false,3.95;3.60;3.00;3.20;3.56;3.218;3.123;3.66;1.53;3.93;4.424;5.720,half_lose;lose;win;win;win;lose;void;win;win;half_lose;win;void,true,,1,250.50,250.50,37.57,212.93,2719913.32,0.00,0.00,0.00,0.00,0.00,false,
RND_281,default_2026_10,system,2,10.00,false,3.830;4.10;4.62;4.38;5.74;4.41,win;win;win;lose;win;win,true,,15,0.66,9.90,1.35,8.55,,116.82,0.00,0.00,0.00,116.82,false,STAKE_REMAINDER_NOT_CHARGED
RND_282,no_tax,multiple,,1500.00,false,4.38;5.08;3.42,open;open;open,false,,1,1500.00,1500.00,0.00,1500.00,76.09,114144.55,0.00,0.00,0.00,114144.55,false,
RND_283,no_tax,multiple,,20.33,false,1.06;4.66;2.533;3.66;1.09;5.42;5.08,open;open;open;open;open;open;open,false,,1,20.33,20.33,0.00,20.33,1374.35,27940.54,0.00,0.00,0.00,27940.54,false,
RND_284,net_win_tax_refund_void,single,,10.50,true,3.99;3.17,half_win;win,true,,2,10.50,21.00,2.10,18.90,,53.52,0.00,5.19,0.00,48.33,false,
RND_285,no_tax,system,3;4,5.00,false,2.24;2.03;2.62;1.458;1.58,open;open;open;open;open,false,,15,0.33,4.95,0.00,4.95,,48.79,0.00,0.00,0.00,48.79,false,STAKE_REMAINDER_NOT_CHARGED
RND_286,no_tax,multiple,,20.50,false,5.56;2.971;3.69;3.843;1.55;3.605;5.57;2.41;4.369,open;open;open;open;open;open;open;open;open,false,,1,20.50,20.50,0.00,20.50,76765.38,1573690.43,0.00,0.00,0.00,1573690.43,false,
RND_287,no_tax,multiple,,999.00,false,2.069;2.06;3.94;5.96;4.623;1.19;2.63;5.64;3.230;2.09;3.51;1.39,open;open;open;open;open;open;open;open;open;open;open;open,false,,1,999.00,999.00,0.00,999.00,268996.49,5000000.00,0.00,0.00,0.00,5000000.00,true,MAX_PAYOUT_REACHED
RND_288,default_2026_10,multiple,,10.33,false,2.01;4.26;1.64;2.068;3.92;3.011;5.29,half_lose;win;lose;half_win;win;win;lose,true,,1,10.33,10.33,1.54,8.79,1813.22,0.00,0.00,0.00,0.00,0.00,false,
RND_289,default_2026_10,system,3,20.50,true,3.72;4.230;1.60;4.91;3.39;3.44,win;lose;win;win;lose;lose,true,,20,20.50,410.00,61.40,348.60,,509.37,0.00,0.00,0.00,509.37,false,
RND_290,default_2026_10,multiple,,50.00,false,4.16;5.66;2.31;4.180;5.89;3.10;5.39;2.66,open;open;open;open;open;open;open;open,false,,1,50.00,50.00,7.50,42.50,59517.60,1000000.00,0.00,150000.00,0.00,850000.00,true,ACCA_BONUS_CAPPED;MAX_PAYOUT_REACHED
RND_291,net_win_tax_refund_void,single,,5.50,false,5.20;1.711;3.88,open;open;open,false,,3,1.83,5.49,0.54,4.95,,17.80,0.00,1.92,0.00,15.88,false,STAKE_REMAINDER_NOT_CHARGED
RND_292,no_tax,multiple,,50.99,false,1.77;1.529;4.85,lose;half_win;half_lose,true,,1,50.99,50.99,0.00,50.99,13.12,0.00,0.00,0.00,0.00,0.00,false,
RND_293,default_2026_10,multiple,,50.00,false,2.88;2.57;4.03;4.66;3.00;5.80;1.339;3.044;1.239;5.494;2.87;3.76,win;lose;win;lose;lose;void;void;win;win;win;win;win,true,,1,50.00,50.00,7.50,42.50,724137.01,0.00,0.00,0.00,0.00,0.00,false,
RND_294,default_2026_10,multiple,,10.00,false,2.91;3.646;1.820,open;open;open,false,,1,10.00,10.00,1.50,8.50,19.30,164.13,4.66,0.00,0.00,168.79,false,
RND_295,no_tax,multiple,,37.99,false,1.832;2.78;3.75;4.10,lose;win;win;win,true,,1,37.99,37.99,0.00,37.99,78.30,0.00,0.00,0.00,0.00,0.00,false,
RND_296,default_2026_10,multiple,,50.00,false,1.727;4.70;4.88;1.353;1.81;3.844;5.33;3.164,void;half_win;half_win;half_win;lose;lose;win;win,true,,1,50.00,50.00,7.50,42.50,6288.30,0.00,0.00,0.00,0.00,0.00,false,
RND_297,default_2026_10,multiple,,37.33,false,1.67;5.46;2.34;5.05;3.617;3.96;5.288;2.74,win;void;half_win;lose;lose;lose;half_lose;win,true,,1,37.33,37.33,5.59,31.74,22361.55,0.00,0.00,0.00,0.00,0.00,false,
RND_298,default_2026_10,system,4,250.50,false,4.45;2.99;5.49;2.40;3.399,lose;half_win;win;win;lose,true,,5,50.10,250.50,37.55,212.95,,0.00,0.00,0.00,0.00,0.00,false,
RND_299,no_tax,multiple,,1500.50,false,3.336;4.32;5.933;2.51;3.056;2.68;4.60;5.988;1.47;4.84;4.57,open;open;open;open;open;open;open;open;open;open;open,false,,1,1500.50,1500.50,0.00,1500.50,1574216.72,5000000.00,0.00,0.00,0.00,5000000.00,true,MAX_PAYOUT_REACHED
